{"cameraMode":{"drawMode":0,"name":"Shaded","section":"Shading Mode"},"sceneLighting":true,"audioPlay":false,"sceneViewState":{"showFog":true,"showMaterialUpdate":false,"showSkybox":true,"showFlares":true,"showImageEffects":true,"showParticleSystems":true},"in2DMode":false,"pivot":{"x":-2.9645633697509767,"y":2.2161190509796144,"z":-12.048892974853516},"rotation":{"x":-0.02009885385632515,"y":0.9685535430908203,"z":-0.08331514149904251,"w":-0.2336348444223404},"size":13.608617782592774,"orthographic":false}